{"cameraMode":{"drawMode":0,"name":"Shaded","section":"Shading Mode"},"sceneLighting":true,"audioPlay":false,"sceneViewState":{"m_AlwaysRefresh":false,"showFog":true,"showSkybox":true,"showFlares":true,"showImageEffects":true,"showParticleSystems":true,"showVisualEffectGraphs":true,"m_FxEnabled":true},"in2DMode":false,"pivot":{"x":391.8740539550781,"y":175.2102813720703,"z":-509.3226318359375},"rotation":{"x":0.016805456951260568,"y":-0.024621009826660157,"z":0.00041387585224583745,"w":0.9995762705802918},"size":50.32930374145508,"orthographic":false}